FUNC_LOC,PARAM_COUNT,LOOP_COUNT,IF_COUNT,MAX_NEST_DEPTH,CYCLO_COMPLEXITY,CLASS_LOC,METHOD_COUNT,FIELD_COUNT,EXTERNAL_REF_COUNT,LABEL
18,0,0,0,1,4,50,8,2,1,0
45,3,3,10,2,5,67,8,2,3,0
40,3,0,2,1,3,18,4,4,0,0
19,2,7,6,2,15,77,4,2,3,0
50,8,3,5,2,14,73,5,3,5,1
8,0,0,1,1,5,73,4,6,0,0
73,3,4,2,2,14,171,5,2,4,0
85,2,4,8,4,5,135,6,4,4,0
70,3,7,3,7,6,201,2,6,4,1
14,3,0,1,2,4,71,5,7,2,0
53,5,4,7,2,20,136,3,3,4,0
26,0,0,0,2,3,5,4,0,0,1
83,6,1,4,2,16,137,10,6,4,0
25,3,2,2,6,13,25,8,2,4,1
35,2,1,2,2,5,141,3,4,3,0
5,0,3,0,1,4,65,3,0,2,0
28,1,0,3,3,4,56,5,0,3,0
22,4,5,6,6,22,122,8,6,5,1
50,4,3,7,5,6,163,5,4,0,1
28,7,2,11,2,5,131,2,6,4,0
59,4,1,8,4,10,109,4,5,3,1
45,6,5,8,4,10,168,6,7,4,0
88,5,3,8,4,12,129,8,5,0,1
12,5,0,1,1,3,55,6,3,0,0
52,6,1,12,2,13,201,8,8,4,1
18,6,5,3,2,4,65,4,5,0,0
89,3,1,6,4,10,138,5,3,2,0
27,3,3,2,6,5,106,7,5,5,0
57,3,4,9,6,11,169,6,2,0,1
33,2,1,7,5,14,42,3,1,2,1
41,4,3,10,4,11,125,11,4,4,1
13,4,1,0,3,1,30,5,4,1,0
54,4,4,6,3,19,125,10,9,5,1
32,0,0,0,1,6,23,5,5,2,0
76,2,4,8,4,14,127,5,5,5,1
31,4,6,6,4,7,82,7,1,1,0
27,2,1,3,1,1,48,1,0,0,0
27,3,1,1,4,3,43,3,2,0,1
58,3,5,9,5,13,112,11,5,6,0
49,0,2,2,1,6,85,5,5,1,1
25,6,2,0,1,3,18,2,4,0,1
17,1,4,5,2,3,73,1,0,1,0
37,4,4,7,5,7,123,6,7,3,1
26,2,3,2,3,11,56,6,5,0,0
16,0,0,0,2,3,70,1,1,0,0
13,0,1,2,2,2,61,2,2,2,0
38,2,0,2,4,6,69,4,2,0,0
42,2,5,9,3,8,74,5,6,3,0
1,0,3,2,2,4,29,0,4,0,0
58,4,3,2,4,6,52,2,3,1,0
20,3,1,0,3,2,30,6,3,0,1
68,5,5,8,2,9,189,3,3,1,1
12,2,1,2,1,2,73,6,4,0,0
26,2,0,0,1,4,40,2,2,0,0
10,3,1,2,1,7,84,1,2,2,0
74,2,2,4,3,12,191,6,5,1,1
30,2,0,3,1,1,21,6,3,1,0
53,0,0,1,1,4,50,4,0,1,0
66,7,3,7,2,5,226,6,5,4,1
7,0,3,3,4,4,109,4,3,0,0
63,4,1,4,5,7,104,2,6,2,0
38,2,2,0,2,1,83,4,5,0,0
20,0,0,0,1,1,73,5,2,2,1
23,1,0,4,1,4,53,2,4,0,0
57,2,1,5,4,16,76,6,3,3,1
35,5,2,3,1,4,35,3,5,0,1
16,0,0,1,3,2,80,7,2,0,0
17,5,0,2,3,4,0,7,0,2,0
29,2,0,4,1,1,33,2,3,0,0
15,5,6,8,2,10,114,6,7,1,1
80,9,4,14,4,14,239,4,10,1,1
58,7,3,7,2,13,185,7,8,3,1
70,5,7,6,4,17,46,10,6,4,0
64,7,3,8,2,11,158,5,8,1,1
14,2,0,5,3,1,76,3,3,0,0
63,5,5,4,2,10,44,4,8,2,1
55,9,7,6,3,11,76,8,5,2,1
21,0,1,0,1,1,8,1,2,0,0
37,2,0,1,1,4,81,6,6,0,0
9,3,1,2,3,6,70,4,0,1,0
16,2,0,4,1,4,55,6,4,2,0
28,2,4,6,5,13,104,5,5,1,0
58,2,2,9,3,12,72,2,4,1,1
60,3,3,9,2,15,122,4,5,6,1
46,4,4,3,2,9,137,10,3,1,1
25,1,2,2,1,4,49,1,1,0,1
29,2,3,4,3,4,55,2,0,0,0
32,4,0,0,3,2,85,2,0,1,0
1,2,0,2,1,3,54,0,3,0,1
38,3,1,2,2,6,31,4,2,0,0
58,5,1,7,2,11,84,9,4,1,0
24,1,1,3,2,4,82,5,0,0,0
43,4,6,9,4,9,134,2,5,0,1
90,2,4,4,4,5,143,6,7,5,0
1,3,2,0,1,6,31,1,0,0,1
18,5,1,4,1,2,67,4,1,0,1
23,3,1,2,1,1,77,3,4,0,0
82,7,2,9,2,19,122,12,3,5,0
47,7,5,3,5,19,133,7,4,4,1
17,0,1,0,1,6,68,3,0,0,0
44,2,4,2,5,9,129,5,6,1,1
63,2,7,6,5,15,56,9,3,1,1
44,7,1,10,7,9,146,7,1,2,1
11,0,0,0,2,5,41,1,4,0,1
39,7,5,7,3,10,142,3,6,3,1
52,4,6,7,2,8,107,7,3,3,1
35,2,3,8,5,6,25,8,1,2,1
64,4,5,3,3,15,108,2,6,2,1
62,6,2,9,4,20,25,4,7,1,1
83,2,3,6,3,11,53,2,5,4,1
58,4,3,6,2,11,55,6,1,3,1
5,0,0,0,2,4,68,5,5,2,0
24,0,3,0,1,5,93,2,4,0,0
63,8,6,7,4,17,118,4,3,0,0
34,0,2,0,1,2,45,4,3,0,0
24,4,2,4,4,15,242,4,2,0,0
24,4,5,6,6,19,74,3,3,3,1
15,0,1,5,3,2,53,4,0,0,1
33,4,0,1,2,1,138,4,3,4,0
59,8,4,2,3,21,127,7,2,3,0
48,8,5,4,6,9,158,6,7,5,1
15,2,3,6,2,12,133,6,5,3,0
67,4,1,10,5,17,207,8,4,2,1
1,0,0,0,4,2,58,3,2,2,0
16,0,1,1,1,3,56,2,4,1,0
52,2,4,6,7,10,155,7,5,4,1
24,0,1,3,3,1,45,7,6,2,0
28,0,1,1,3,5,43,7,3,0,1
20,0,0,2,1,6,76,7,1,0,0
18,5,0,1,3,6,77,2,2,0,1
5,1,2,0,4,4,72,5,1,0,0
53,5,2,7,6,5,178,11,6,2,1
84,7,4,11,6,6,169,3,5,1,1
14,1,1,3,2,3,90,5,3,4,0
28,1,3,2,1,3,84,5,7,0,0
40,0,0,7,3,2,35,3,1,1,0
51,2,3,3,5,11,77,4,1,4,1
32,1,1,0,1,3,49,6,4,0,0
1,3,4,1,1,2,100,2,2,0,1
50,2,4,10,3,11,97,5,3,3,1
107,5,7,15,6,15,136,6,4,2,0
45,6,4,3,2,12,100,9,5,4,0
21,4,3,4,3,5,100,2,1,4,1
47,1,0,2,2,8,0,3,5,0,0
62,9,7,11,4,8,86,4,8,0,1
68,8,1,4,8,10,53,6,6,2,1
15,5,4,3,2,5,80,8,7,4,0
29,3,1,0,2,1,25,5,0,3,0
54,2,3,5,4,20,152,5,5,6,1
45,5,6,4,5,19,231,5,2,2,1
37,8,3,5,4,10,105,6,5,2,0
47,3,1,7,2,19,25,6,3,2,1
19,1,0,2,1,5,29,4,1,1,0
18,1,1,3,1,9,93,0,0,1,0
53,3,1,11,6,11,82,9,8,7,1
18,2,0,3,1,5,139,4,2,0,0
8,0,1,3,1,3,68,2,0,1,0
52,3,2,9,5,19,25,5,9,4,1
17,2,5,9,3,10,25,12,5,4,0
62,2,9,8,6,18,190,8,6,3,0
75,4,5,4,3,15,142,2,3,4,0
23,4,1,2,1,2,60,2,2,5,1
10,2,0,4,1,1,47,3,5,1,0
51,4,1,11,4,14,206,10,9,4,1
48,2,5,7,4,10,58,2,1,3,0
47,3,1,3,3,5,157,5,6,2,0
42,5,3,6,3,15,89,10,3,0,1
40,2,4,10,6,14,210,2,4,2,1
22,0,0,2,2,6,15,4,1,1,0
58,2,6,8,5,15,126,10,3,4,1
16,2,0,4,1,1,44,4,5,2,0
30,3,2,2,2,2,28,2,3,0,1
15,2,0,2,3,3,66,2,5,0,1
21,2,2,8,2,15,119,8,3,2,1
65,5,5,5,5,12,109,5,4,3,1
46,3,1,5,2,5,121,2,2,3,1
21,0,0,0,1,1,38,4,5,0,1
1,2,1,0,2,8,82,5,5,0,0
22,2,7,2,5,6,33,2,2,4,0
24,2,0,0,2,4,78,1,1,2,0
49,5,4,8,3,13,167,10,1,6,1
15,9,4,4,4,5,129,5,6,3,0
52,4,6,10,3,17,141,10,9,4,0
19,2,1,4,1,7,4,2,5,3,1
13,5,1,0,2,3,26,5,0,1,0
26,2,3,3,3,5,128,5,3,1,0
66,2,5,7,6,14,41,7,3,3,1
42,2,1,8,4,19,94,4,1,6,0
44,7,1,12,4,13,131,4,3,0,1
78,6,4,9,5,14,88,10,8,3,1
15,5,5,3,3,14,49,7,7,4,0
1,4,0,0,3,4,48,2,2,0,0
20,2,0,2,1,3,66,2,3,1,0
105,4,4,4,8,12,70,6,5,2,0
12,1,3,0,3,4,25,5,6,0,1
42,8,7,6,3,5,131,2,1,1,0
38,3,1,8,4,9,78,5,5,2,1
55,6,7,7,2,8,179,2,1,1,1
72,7,6,4,5,14,186,7,7,5,1
35,0,0,0,1,3,97,5,0,2,0
71,2,7,9,3,12,60,7,6,4,0
17,0,3,5,1,1,77,4,6,0,0
39,2,5,8,2,14,47,2,6,5,0
58,4,5,2,4,5,132,8,7,5,0
38,3,2,1,3,5,60,3,1,0,0
53,7,4,11,2,25,136,6,4,1,1
19,1,1,3,1,1,124,6,5,2,0
41,4,0,4,1,8,31,4,1,0,0
28,4,6,7,2,19,118,10,5,4,1
26,4,0,5,3,2,34,3,5,1,0
32,0,2,0,2,1,23,3,5,0,0
38,8,3,8,4,19,172,8,7,3,1
13,1,1,0,2,5,22,5,4,0,0
44,6,1,4,6,8,182,6,5,3,1
10,0,0,3,1,4,0,4,2,2,0
38,3,1,8,4,21,114,7,6,5,1
16,1,2,1,2,5,73,3,0,1,0
30,6,5,2,2,9,151,6,4,0,1
64,6,3,11,7,5,177,6,5,0,0
21,1,0,0,1,2,11,5,2,0,0
28,0,1,6,1,3,68,4,0,0,1
23,5,4,6,5,17,71,3,4,4,0
35,4,1,0,2,5,0,0,2,3,0
24,3,0,0,3,1,76,1,5,0,1
10,0,2,1,2,3,33,4,0,1,0
1,2,4,0,2,6,0,3,3,0,0
56,3,5,5,6,6,154,9,3,3,1
46,11,2,14,3,5,62,4,9,0,0
59,4,3,6,5,8,59,10,3,4,1
53,3,3,3,1,2,11,7,2,2,1
21,1,1,2,1,6,0,7,3,1,1
9,0,2,2,1,2,61,5,4,0,0
30,1,0,1,1,4,60,6,4,1,1
22,2,1,0,1,5,104,4,3,3,0
52,7,1,7,6,9,106,2,8,5,0
45,7,3,6,5,16,136,4,3,0,1
62,7,1,11,5,8,153,9,6,1,0
16,2,0,2,1,7,26,4,0,1,0
64,3,4,5,4,7,53,12,8,4,1
35,4,1,4,3,10,25,3,1,6,0
101,2,2,2,2,12,182,5,4,3,0
22,0,0,1,2,1,24,3,2,3,0
56,4,8,7,6,10,60,4,6,4,1
69,3,2,3,2,5,120,4,1,4,1
19,0,0,0,1,6,72,6,0,0,0
63,2,3,6,3,16,212,2,4,5,1
12,0,2,2,2,4,31,1,5,0,1
27,2,1,5,4,8,101,12,4,3,0
1,4,1,0,1,1,52,4,1,0,0
23,6,1,9,2,8,82,12,8,1,0
18,6,4,8,3,18,176,2,1,1,1
26,2,0,2,1,6,82,1,2,0,0
37,4,5,7,3,22,138,7,7,5,1
49,2,2,4,4,9,89,7,1,1,1
49,8,3,9,7,11,54,5,1,1,1
1,0,0,2,2,5,58,2,3,0,0
67,7,6,8,4,11,158,2,2,0,1
15,7,2,4,5,5,129,4,2,4,1
86,4,2,4,4,10,171,4,2,2,1
37,6,4,7,6,5,125,6,4,4,1
2,0,0,1,1,1,50,3,2,0,0
35,2,2,7,6,8,25,11,3,3,1
21,2,0,1,4,1,37,6,0,4,0
108,4,6,5,5,14,97,7,2,2,1
63,8,2,4,3,12,113,7,5,2,0
29,3,4,6,5,13,150,4,10,7,1
9,0,1,3,3,6,44,5,5,1,0
6,5,0,0,1,1,78,2,3,0,0
47,5,4,4,7,8,26,6,7,2,0
15,2,2,7,2,14,47,10,1,1,0
11,0,2,0,1,1,89,3,2,3,0
19,0,0,0,3,4,27,4,1,0,0
29,3,8,6,5,17,117,12,9,0,1
78,2,3,8,2,9,117,7,6,2,0
24,1,2,0,1,3,58,5,3,1,0
45,5,1,6,6,9,67,3,4,3,1
71,6,6,10,5,8,171,9,6,6,1
55,6,2,7,4,10,179,5,6,4,1
55,3,4,9,2,5,94,6,6,4,1
13,3,2,0,1,4,42,7,0,0,0
61,6,1,10,2,15,137,6,2,4,1
21,5,3,7,3,18,89,10,2,0,0
26,1,1,3,2,2,89,8,4,0,1
22,1,2,0,2,4,41,4,2,2,0
67,7,2,4,2,19,176,11,9,2,1
46,6,2,7,2,6,103,9,11,3,0
12,0,1,4,1,6,97,4,3,0,0
16,3,2,3,1,4,16,4,4,2,0
43,2,2,8,4,12,151,5,6,0,1
17,6,5,8,4,10,72,4,6,3,0
15,5,1,4,6,18,111,6,5,4,1
36,5,3,6,2,9,73,5,4,5,0
19,0,0,4,3,4,55,3,5,0,0
25,1,1,3,2,4,28,2,3,4,0
8,2,0,0,1,4,100,0,0,3,0
50,7,6,6,4,9,27,8,4,7,1
20,7,4,9,2,13,214,3,10,5,0
17,2,0,2,1,4,82,5,3,0,0
45,3,4,7,7,15,100,12,8,5,0
15,5,4,10,4,22,97,3,3,1,1
